option,value,n
backspace,eol,6
backspace,indent,6
backspace,start,6
backspace,2,4
backspace,nostop,2
backspace,3,1
backupcopy,yes,8
backupcopy,auto,1
backupcopy,breakhardlink,1
belloff,cursor,1
breakat,\,9
breakat, ,6
breakat,",",4
breakat,:,4
breakat,!,4
breakat,?,4
breakat,;,3
breakat,t,3
breakat,.,2
breakat,@,2
breakat,*,2
breakat,/,2
breakat,=,2
breakat,-,1
breakat,(,1
breakat,&,1
breakat,^,1
breakat,+,1
breakat,I,1
breakindentopt,shift:2,8
breakindentopt,sbr,6
breakindentopt,min:20,3
breakindentopt,list:-1,2
breakindentopt,shift:4,2
breakindentopt,min:30,1
breakindentopt,min:60,1
breakindentopt,shift:1,1
cinoptions,E-s,1
cinoptions,g0,1
cinoptions,N-s,1
clipboard,unnamedplus,111
clipboard,unnamed,25
colorcolumn,80,24
colorcolumn,+1,14
colorcolumn,100,11
colorcolumn,120,11
colorcolumn,81,5
colorcolumn,99999,5
colorcolumn,90,4
colorcolumn,0,2
colorcolumn,140,2
colorcolumn,160,2
colorcolumn,79,2
colorcolumn,101,1
colorcolumn,121,1
colorcolumn,32,1
colorcolumn,66,1
colorcolumn,72,1
colorcolumn,89,1
comments,b:#,17
comments,://,9
comments,b:#:,9
comments,:%,8
comments,:XCOMM,8
comments,ex:*/,8
comments,fb:-,8
comments,mb:*,8
comments,n:>,8
comments,s1:/*,8
complete,.,15
complete,b,11
complete,w,11
complete,u,8
complete,kspell,6
complete,t,5
complete,,3
complete,k,2
complete,i,1
completeopt,menuone,153
completeopt,noselect,140
completeopt,menu,82
completeopt,noinsert,36
completeopt,preview,9
completeopt,longest,6
cpoptions,a,5
cpoptions,A,5
cpoptions,B,5
cpoptions,c,5
cpoptions,e,5
cpoptions,F,5
cpoptions,s,5
cpoptions,_,4
cpoptions,n,4
cursorlineopt,number,10
cursorlineopt,screenline,3
cursorlineopt,line,1
diffopt,filler,50
diffopt,internal,50
diffopt,closeoff,45
diffopt,vertical,24
diffopt,indent-heuristic,18
diffopt,algorithm:patience,17
diffopt,linematch:60,16
diffopt,algorithm:histogram,10
diffopt,iwhite,8
diffopt,hiddenoff,6
diffopt,context:3,4
diffopt,algorithm:minimal,2
diffopt,context:0,1
diffopt,context:5,1
diffopt,foldcolumn:1,1
diffopt,horizontal,1
diffopt,iwhiteall,1
diffopt,linematch:100,1
diffopt,linematch:120,1
diffopt,linematch:50,1
diffopt,linematch:75,1
display,lastline,4
display,uhex,3
display,msgsep,2
errorformat,,3
errorformat, line %l%*\\D%c%*[^ ] %m,1
errorformat,"\""%f\""\\",1
errorformat,"\""%f\""%*\\D%l: %m",1
errorformat,%-G%*[ ]from %f:%l,1
errorformat,%-G%*[ ]from %f:%l:,1
errorformat,%-G%*[ ]from %f:%l:%c,1
errorformat,%-G%*[ ]from %f:%l\\,1
errorformat,%-G%f:%l: (Each undeclared identifier is reported only once,1
errorformat,%-G%f:%l: for each function it appears in.),1
errorformat,%-GIn file included from %f:%l,1
errorformat,%-GIn file included from %f:%l:%c,1
errorformat,%-GIn file included from %f:%l:%c:,1
errorformat,%-GIn file included from %f:%l:%c\\,1
errorformat,"%*[^\""]\""%f\""%*\\D%l: %m",1
errorformat,%\\s%#%\\d%#:%# %#from %f:%l:%m,1
errorformat,%D%*\\a: Entering directory %*[`']%f',1
errorformat,%D%*\\a[%*\\d]: Entering directory %*[`']%f',1
errorformat,%DMaking %*\\a in %f,1
errorformat,%f:%l:%c:%m,1
errorformat,%f:%l:%m,1
errorformat,%f(%l):%m,1
errorformat,%f|%l| %m,1
errorformat,%X%*\\a: Leaving directory %*[`']%f',1
errorformat,%X%*\\a[%*\\d]: Leaving directory %*[`']%f',1
errorformat,IN %f:%l:%m,1
eventignore,CursorHold,26
eventignore,CursorHoldI,26
fileencodings,utf-8,9
fileencodings,latin1,5
fileencodings,ucs-bom,5
fileencodings,big5,4
fileencodings,euc-jp,4
fileencodings,cp936,3
fileencodings,gb18030,3
fileencodings,euc-kr,2
fileencodings,gbk,2
fileencodings,cp1251,1
fileencodings,cp1252,1
fileencodings,cp949,1
fileencodings,default,1
fileencodings,gb2312,1
fileencodings,iso-2022-jp,1
fileencodings,latin-1,1
fileencodings,sjis,1
fileencodings,utf-16,1
fileencodings,utf-16le,1
fileformats,unix,10
fileformats,dos,8
fileformats,mac,7
fillchars,eob: ,44
fillchars,fold: ,43
fillchars,vert:‚îÇ,16
fillchars,vert:‚îÉ,10
fillchars,foldclose:Ôë†,9
fillchars,foldopen:Ôëº,9
fillchars,horiz:‚îÅ,9
fillchars,horizdown:‚î≥,9
fillchars,horizup:‚îª,9
fillchars,verthoriz:‚ïã,9
fillchars,vertright:‚î£,9
fillchars,diff:‚ï±,8
fillchars,vert: ,7
fillchars,foldsep: ,6
fillchars,vertleft:‚î´,6
fillchars,horiz: ,4
fillchars,msgsep:‚Äæ,4
fillchars,diff: ,3
fillchars,diff:/,3
fillchars,horizdown: ,3
fillchars,horizup: ,3
fillchars,verthoriz: ,3
fillchars,vertleft: ,3
fillchars,vertleft:‚î®,3
fillchars,vertright: ,3
fillchars,diff:‚£ø,2
fillchars,eob:~,2
fillchars,foldclose:‚ñ∏,2
fillchars,foldopen:‚ñæ,2
fillchars,foldsep:‚îÇ,2
fillchars,horiz:‚îÄ,2
fillchars,horizdown:‚î¨,2
fillchars,horizup:‚î¥,2
fillchars,stl: ,2
fillchars,stlnc: ,2
fillchars,vert:|,2
fillchars,verthoriz:‚îº,2
fillchars,vertleft:‚î§,2
fillchars,vertright:‚îú,2
fillchars,diff:-,1
fillchars,diff:‚Äï,1
fillchars,diff:¬∑,1
fillchars,diff:‚îÄ,1
fillchars,diff:ÓÇΩ,1
fillchars,eob:¬†,1
fillchars,fold:-,1
fillchars,fold:‚îÄ,1
fillchars,fold:€∞,1
fillchars,horiz:‚ïê,1
fillchars,horizdown:‚ï¶,1
fillchars,horizup:‚ï©,1
fillchars,lastline:‚Ä¢,1
fillchars,msgsep:‚óå,1
fillchars,stl:‚Äï,1
fillchars,stl:‚îÄ,1
fillchars,stlnc:-,1
fillchars,stlnc:‚Äî,1
fillchars,stlnc:‚îÄ,1
fillchars,vert:‚ïë,1
fillchars,verthoriz:‚ï¨,1
fillchars,vertleft:‚ï£,1
fillchars,vertright:‚ï†,1
foldclose,all,1
foldmarker,*/,1
foldmarker,/*,1
foldopen,mark,9
foldopen,percent,9
foldopen,quickfix,9
foldopen,search,9
foldopen,tag,9
foldopen,undo,9
foldopen,hor,8
foldopen,jump,7
foldopen,block,6
foldopen,insert,2
formatoptions,q,47
formatoptions,j,43
formatoptions,c,35
formatoptions,t,25
formatoptions,r,24
formatoptions,n,21
formatoptions,l,20
formatoptions,1,12
formatoptions,o,8
formatoptions,2,5
formatoptions,m,3
formatoptions,B,2
formatoptions,M,2
formatoptions,v,1
formatoptions,w,1
grepformat,%f:%l:%c:%m,29
grepformat,%f:%l:%m,14
grepformat,%f  %l%m,3
grepformat,%f:%l%m,3
grepformat,%f,1
grepformat,%m %f match%ts,1
guicursor,a:NoiceHiddenCursor,27
guicursor,i-ci-ve:ver25,10
guicursor,r-cr:hor20,8
guicursor,,7
guicursor,o:hor50,7
guicursor,r-cr-o:hor20,5
guicursor,sm:block-blinkwait175-blinkoff150-blinkon175,5
guicursor,n-v-c-sm:block,4
guicursor,n-v-c:block,4
guicursor,a:blinkwait700-blinkoff400-blinkon250-Cursor/lCursor,3
guicursor,i-ci-ve:ver25-ModesInsert,3
guicursor,i-ci:ver25-Cursor/lCursor,3
guicursor,n-v-c:block-Cursor/lCursor,3
guicursor,n-v-c:block-Cursor/lCursor-blinkon0,3
guicursor,r-cr-o:hor20-ModesOperator,3
guicursor,r-cr:hor20-Cursor/lCursor,3
guicursor,v-sm:block-ModesVisual,3
guicursor,a:blinkwait700-blinkoff500-blinkon500,2
guicursor,i-ci-ve:ver25-Cursor2/lCursor2,2
guicursor,o:hor20,2
guicursor,a:blinkwait600-blinkoff400-blinkon250-Cursor/lCursor,1
guicursor,a:block,1
guicursor,a:block-blinkon0,1
guicursor,a:block-Caret,1
guicursor,a:Cursor,1
guicursor,a:Cursor/lCursor,1
guicursor,c:ver25-blinkon300-CursorInsert,1
guicursor,i-ci-ve:ver25-Cursor/lCursor,1
guicursor,i-ci-ve:ver25-ICursor,1
guicursor,i-ci:ver25-Cursor/lCursor-blinkwait30-blinkoff100-blinkon100,1
guicursor,i-ve-r-cr-o:blinkoff500-blinkon500,1
guicursor,i:ver25,1
guicursor,i:ver25-blinkwait200-blinkoff150-blinkon200-CursorInsert,1
guicursor,i:ver25-VimrInsertCursor,1
guicursor,n-c-sm:block-Cursor,1
guicursor,n-v-c-sm-i-ci-ve-r-cr-o:block,1
guicursor,n-v-c:blinkon0,1
guicursor,n-v-c:hor20,1
guicursor,n:block-Cursor,1
guicursor,r-cr-o:hor20-RCursor,1
guicursor,r:blinkwait200-blinkoff150-blinkon200-CursorReplace,1
guicursor,v:CursorVisual,1
guicursor,v:hor10,1
guicursor,v:VCursor,1
guifont,monospace:h17,8
guifont,JetBrainsMono Nerd Font Mono:h18,2
guifont,:h11,1
guifont,Agave:h16,1
guifont,blexmono:h17,1
guifont,Cascadia Mono PL:h13,1
guifont,Consolas:h10,1
guifont,DejaVuSansMono Nerd Font,1
guifont,DejavuSansMono NF:h16,1
guifont,FantasqueSansMono Nerd Font Mono:h16,1
guifont,Fira Code Retina:h9,1
guifont,Fira\\ Code,1
guifont,FiraCode Nerd Font Mono,1
guifont,FiraCode Nerd Font:h11,1
guifont,FiraCode Nerd Font:h15,1
guifont,FiraCode Nerd Font:h16,1
guifont,FiraCode Nerd Font:h17,1
guifont,FiraCode NFM:h15,1
guifont,FuraCode Nerd Font Mono:h12,1
guifont,Hack Nerd Font Mono:h15,1
guifont,Hack Nerd Font Mono:h18,1
guifont,Input Mono:h11.5,1
guifont,Iosevka Fixed,1
guifont,Iosevka Medium:h9,1
guifont,Iosevka Nerd Font Mono:h10,1
guifont,Iosevka Nerd Font Mono:h16,1
guifont,Iosevka Nerd Font:h10,1
guifont,JetBrains Mono:h10,1
guifont,JetBrains_Mono_SemiBold_Nerd_Font_Complete:h12,1
guifont,JetBrains_Mono:h16,1
guifont,JetBrainsMono Nerd Font Regular:h13,1
guifont,JetBrainsMono Nerd Font:h10,1
guifont,JetBrainsMono Nerd Font:h12,1
guifont,JetBrainsMono NF,1
guifont,JetBrainsMono NF:h11,1
guifont,JetBrainsMonoNL Nerd Font:h16,1
guifont,Liga SFMono Nerd Font:h12,1
guifont,Menlo:h14,1
guifont,MonoLisa_Nerd_Font:h13.6,1
guifont,MonoLisa:h12,1
guifont,monospace:h14,1
guifont,Roboto Mono Medium:h11,1
guifont,Scientifica:h15,1
guifont,SFmono Nerd Font:h15,1
guifont,Source Code Pro_Light,1
guifont,UbuntuMono NF:h10,1
guifont,VictorMono Nerd Font:11,1
guifontwide,JetBrains_Mono_SemiBold_Nerd_Font_Complete:h12,1
helplang,en,200
helplang,pt,3
helplang,cn,2
helplang,it,2
helplang,ru,2
helplang,es,1
helplang,fr,1
helplang,hu,1
helplang,ko,1
indentkeys,!^F,6
indentkeys,o,6
indentkeys,O,6
indentkeys,0),5
indentkeys,e,4
indentkeys,:,3
indentkeys,0],3
indentkeys,0{,3
indentkeys,0},3
indentkeys,],2
indentkeys,},2
indentkeys,&,2
indentkeys,0(,2
indentkeys,0#,2
indentkeys,0=\\else,2
indentkeys,0=\\fi,2
indentkeys,0=\\item ,2
indentkeys,0=\\item[,2
indentkeys,0=\\rangle,2
indentkeys,0=\\rbrace,2
indentkeys,0=\\rceil,2
indentkeys,0=\\rfloor,2
indentkeys,0=\\rvert,2
indentkeys,0=\\rVert,2
indentkeys,0=\\urcorner,2
indentkeys,0=end,2
indentkeys,0=until,2
indentkeys,<:>,1
indentkeys,=elif,1
indentkeys,=except,1
isfname,,6
isfname,_,5
isfname,-,5
isfname,.,5
isfname,@,5
isfname,/,5
isfname,#,5
isfname,%,5
isfname,+,5
isfname,~,5
isfname,$,5
isfname,48-57,5
isfname,@-@,2
isfname,=,2
iskeyword,@,29
iskeyword,192-255,29
iskeyword,48-57,29
iskeyword,_,28
iskeyword,-,28
iskeyword,@-@,1
iskeyword,$,1
jumpoptions,stack,9
keymodel,startsel,1
keymodel,stopsel,1
langmap,<,1
langmap,‚Ññ;#,1
langmap,–∞–ê;fF,1
langmap,–±–ë;\\,1
langmap,–≤–í;dD,1
langmap,–≥–ì;uU,1
langmap,–¥–î;lL,1
langmap,—ë–Å;`~,1
langmap,–µ–ï;tT,1
langmap,–∂–ñ;\\;:,1
langmap,–∑–ó;pP,1
langmap,–∏–ò;bB,1
langmap,–π–ô;qQ,1
langmap,–∫–ö;rR,1
langmap,–ª–õ;kK,1
langmap,–º–ú;vV,1
langmap,–Ω–ù;yY,1
langmap,–æ–û;jJ,1
langmap,–ø–ü;gG,1
langmap,—Ä–†;hH,1
langmap,—Å–°;cC,1
langmap,—Ç–¢;nN,1
langmap,—É–£;eE,1
langmap,—Ñ–∏—Å–≤—É–∞–ø—Ä—à–æ–ª–¥—å—Ç—â–∑–π–∫—ã–µ–≥–º—Ü—á–Ω—è;abcdefghijklmnopqrstuvwxyz,1
langmap,–§–ò–°–í–£–ê–ü–†–®–û–õ–î–¨–¢–©–ó–ô–ö–´–ï–ì–ú–¶–ß–ù–Ø;ABCDEFGHIJKLMNOPQRSTUVWXYZ,1
langmap,—Ñ–§;aA,1
langmap,—Ö–•;[{,1
langmap,—Ü–¶;wW,1
langmap,—á–ß;xX,1
langmap,—à–®;iI,1
langmap,—â–©;oO,1
langmap,—ä–™;]},1
langmap,—ã–´;sS,1
langmap,—å–¨;mM,1
langmap,"—ç–≠;'\\\""",1
langmap,—é–Æ;.>,1
langmap,—è–Ø;zZ,1
listchars,trail:¬∑,49
listchars,nbsp:+,25
listchars,nbsp:‚ê£,25
listchars,trail:-,17
listchars,tab:> ,16
listchars,space:¬∑,13
listchars,eol:‚Ü≤,12
listchars,eol:¬¨,12
listchars,extends:¬ª,12
listchars,eol:‚Ü¥,11
listchars,extends:>,11
listchars,precedes:¬´,11
listchars,tab:  ,11
listchars,tab:¬ª ,11
listchars,precedes:<,10
listchars,tab:‚ñ∏ ,10
listchars,extends:‚ùØ,9
listchars,precedes:‚ùÆ,9
listchars,tab:>-,8
listchars,trail:‚Ä¢,8
listchars,extends:‚Ä¶,7
listchars,extends:‚Üí,7
listchars,precedes:‚Üê,7
listchars,tab:| ,7
listchars,nbsp:¬∑,6
listchars,precedes:‚Ä¶,6
listchars,tab:‚Üí ,6
listchars,conceal:‚îä,5
listchars,extends:‚ü©,5
listchars,lead:‚ãÖ,5
listchars,precedes:‚ü®,5
listchars,space:‚ãÖ,5
listchars,tab:¬ª¬∑,5
listchars,trail:~,5
listchars,extends:‚Ä∫,4
listchars,nbsp:‚óã,4
listchars,precedes:‚Äπ,4
listchars,space: ,4
listchars,lead:¬∑,3
listchars,nbsp:‚¶∏,3
listchars,tab:‚ñ∏¬∑,3
listchars,trail:‚ãÖ,3
listchars,eol:¬∂,2
listchars,eol:$,2
listchars,eol:Ô¨ã,2
listchars,extends:<,2
listchars,extends:‚ñ∏,2
listchars,extends:‚ó£,2
listchars,precedes:>,2
listchars,precedes:‚óÇ,2
listchars,precedes:‚ó¢,2
listchars,space:‚Ä¢,2
listchars,space:‚ê£,2
listchars,tab:-->,2
listchars,tab:>.,2
listchars,tab:>¬∑,2
listchars,tab:‚îÇ ,2
listchars,tab:‚ñ∑‚ãØ,2
listchars,trail: ,2
listchars,trail:√ó,2
listchars,conceal:*,1
listchars,conceal:x,1
listchars,eol:‚Ü©,1
listchars,eol:‚Çã,1
listchars,extends:#,1
listchars,extends:‚á¢,1
listchars,extends:‚ñ∂,1
listchars,extends:‚ñ∑,1
listchars,extends:ÓÇ±,1
listchars,lead:.,1
listchars,lead:‚ê£,1
listchars,lead:üûò,1
listchars,leadmultispace:.,1
listchars,leadmultispace:¬∑,1
listchars,leadmultispace:‚îÇ   ,1
listchars,leadmultispace:‚îÇ¬∑¬∑¬∑,1
listchars,multispace:   |,1
listchars,multispace:---+,1
listchars,multispace:¬∑   ,1
listchars,multispace:¬∑¬∑,1
listchars,multispace:¬∑¬∑¬∑‚¨ù,1
listchars,multispace:‚ãÖ,1
listchars,multispace:‚ãÖ ,1
listchars,nbsp:_,1
listchars,nbsp:‚Äó,1
listchars,nbsp:‚Åì,1
listchars,nbsp:.,1
listchars,nbsp:‚∏±,1
listchars,nbsp:%,1
listchars,nbsp:~,1
listchars,nbsp:‚àô,1
listchars,nbsp:‚ãÖ,1
listchars,nbsp:‚ñë,1
listchars,precedes:‚á†,1
listchars,precedes:‚óÄ,1
listchars,precedes:‚óÅ,1
listchars,precedes:ÓÇ≥,1
listchars,tab:--‚ñ∏,1
listchars,tab:¬∑¬∑,1
listchars,tab:¬ª‚Ä∫,1
listchars,tab:¬ª¬ª,1
listchars,tab:‚Ä£ ,1
listchars,tab:Àí ,1
listchars,tab:‚Üí-,1
listchars,tab:‚á• ,1
listchars,tab:< >,1
listchars,tab:<->,1
listchars,tab:>>>,1
listchars,tab:>‚ãÖ,1
listchars,tab:‚îÇ‚Üí,1
listchars,tab:‚îÜ ,1
listchars,tab:‚ñ∂‚Äí,1
listchars,tab:‚ñ∑ ,1
listchars,tab:‚ñ∑‚Äí,1
listchars,tab:‚ñ∑‚îÄ,1
listchars,tab:‚ñ∏-,1
listchars,tab:‚ñ∏\\ ,1
listchars,tab:Ô≤í ,1
listchars,tab:Ó©º ,1
listchars,tab:Ôïì ,1
listchars,tab:Ô†ë\\,1
listchars,trail:.,1
listchars,trail:‚Ä¶,1
listchars,trail:*,1
listchars,trail:¬¨,1
listchars,trail:‚àô,1
listchars,trail:‚â°,1
listchars,trail:‚éµ,1
listchars,trail:‚ê£,1
listchars,trail:‚óã,1
listchars,trail:ùÅ¢,1
listchars,trail:$,1
listchars,trail:x,1
matchpairs,(:),14
matchpairs,[:],14
matchpairs,{:},14
matchpairs,<:>,13
matchpairs,‚Äò:‚Äô,2
matchpairs,‚Äú:‚Äù,2
matchpairs,„Ää:„Äã,2
matchpairs,„Äå:„Äç,2
matchpairs,„Äé:„Äè,2
matchpairs,„Äê:„Äë,2
matchpairs,¬´:¬ª,1
mouse,a,135
mouse,n,18
mouse,v,13
mouse,c,5
mouse,i,5
mouse,r,3
mousescroll,ver:1,4
mousescroll,hor:1,2
mousescroll,hor:6,2
mousescroll,hor:3,1
mousescroll,hor:4,1
mousescroll,ver:3,1
mousescroll,ver:5,1
nrformats,bin,5
nrformats,hex,5
nrformats,alpha,3
nrformats,unsigned,2
printoptions,left:8pc,1
printoptions,right:3pc,1
scrollopt,hor,4
scrollopt,jump,4
scrollopt,ver,4
selectmode,key,1
sessionoptions,curdir,29
sessionoptions,tabpages,28
sessionoptions,winsize,27
sessionoptions,buffers,25
sessionoptions,help,24
sessionoptions,folds,23
sessionoptions,blank,20
sessionoptions,terminal,18
sessionoptions,winpos,13
sessionoptions,resize,5
sessionoptions,globals,4
sessionoptions,localoptions,3
sessionoptions,options,2
sessionoptions,slash,1
sessionoptions,unix,1
shada,h,13
shada,!,10
shada,s10,9
shada,<50,7
shada,'1000,6
shada,'100,5
shada,@100,4
shada,<1000,3
shada,'300,2
shada,/0,2
shada,<0,2
shada,f1,2
shada,:100,1
shada,:1000,1
shada,:200,1
shada,:50,1
shada,'0,1
shada,'150,1
shada,'2000,1
shada,@50,1
shada,/100,1
shada,/1000,1
shada,/50,1
shada,%,1
shada,%20,1
shada,<30,1
shada,f0,1
shada,f100,1
shada,r/nix/,1
shada,r/private/tmp/,1
shada,r/private/var/,1
shada,r/run,1
shada,r/tmp,1
shada,rfern://,1
shada,rfugitive://,1
shada,rman:,1
shada,rman://,1
shada,rocto:,1
shada,rterm:,1
shada,rterm://,1
shada,s100,1
shada,s1000,1
shada,s30,1
shadafile,.vim/main.shada,1
shadafile,/home/username/.local/share/nvim/shada/main.shada,1
shadafile,/Users/(username)/.cache/lvim/lvim.shada,1
shadafile,~HOME/.local/state/avim/shada/avim.shada,1
shortmess,T,135
shortmess,F,134
shortmess,o,134
shortmess,O,134
shortmess,t,132
shortmess,f,123
shortmess,i,122
shortmess,l,122
shortmess,n,122
shortmess,x,122
shortmess,c,108
shortmess,I,58
shortmess,s,29
shortmess,a,22
shortmess,A,17
shortmess,W,12
shortmess,S,11
shortmess,C,2
shortmess,m,2
shortmess,r,2
spelllang,en,18
spelllang,en_us,13
spelllang,en_gb,9
spelllang,cjk,6
spelllang,de,3
spelllang,nl,2
spelllang,pl,2
spelllang,pt,2
spelllang,pt_br,2
spelllang,af,1
spelllang,de_20,1
spelllang,de_at,1
spelllang,el,1
spelllang,es,1
spelllang,fr,1
spelllang,names,1
spelllang,ru,1
spelllang,ru_yo,1
spelllang,science,1
spelllang,sv,1
spelloptions,camel,12
spelloptions,noplainbuffer,2
spellsuggest,best,4
spellsuggest,9,2
spellsuggest,10,1
spellsuggest,30,1
spellsuggest,8,1
suffixes,.bak,6
suffixes,.swp,6
suffixes,~,6
suffixes,.info,5
suffixes,.o,5
suffixes,.obj,5
suffixes,.h,4
suffixes,.log,3
suffixes,.aux,2
suffixes,.bbl,2
suffixes,.blg,2
suffixes,.brf,2
suffixes,.cb,2
suffixes,.cls,2
suffixes,.dvi,2
suffixes,.fdb_latexmk,2
suffixes,.fls,2
suffixes,.idx,2
suffixes,.ilg,2
suffixes,.ind,2
suffixes,.inx,2
suffixes,.out,2
suffixes,.pdf,2
suffixes,.sty,2
suffixes,.synctex.gz,2
suffixes,.toc,2
suffixes, .jpeg .mp3,1
suffixes, .jpg,1
suffixes, .pdf,1
suffixes, .png,1
suffixes, .ttf,1
suffixes, .txt,1
suffixes, .wav,1
suffixes,.class,1
suffixes,.data,1
suffixes,.egg-info,1
suffixes,.pyc,1
suffixes,.pyo,1
suffixes,.snap,1
suffixes,.un~,1
suffixesadd,.asd,1
suffixesadd,.erl,1
suffixesadd,.hrl,1
suffixesadd,.java,1
suffixesadd,.js,1
suffixesadd,.latex,1
suffixesadd,.lisp,1
suffixesadd,.lua,1
suffixesadd,.tex,1
suffixesadd,.ts,1
switchbuf,usetab,7
switchbuf,useopen,5
switchbuf,uselast,2
switchbuf,newtab,1
switchbuf,split,1
tags,./tags;,4
tags,.tags,4
tags,tags,4
tags,./.git/tags;,2
tags,./tags,2
tags,./.git/.tags,1
tags,./.git/tags,1
tags,./.tags,1
tags,./.tags;,1
tags,/home/jonas/.tags,1
tags,/home/jonas/.vimtags,1
tags,$VIRTUAL_ENV/.tags;,1
tags,tags;/,1
tags,tags;/Users/m1,1
thesaurus,/home/fiodar_fiodarau/.config/nvim/dict/mthesaur.txt,1
thesaurus,/Users/xxxxxx/.config/nvim/words/en_thesaur.txt,1
thesaurus,/Users/xxxxxx/.config/nvim/words/en.txt,1
thesaurus,~/.config/nvim/thesaurus/thesaurus.txt,1
thesaurus,~/.vim/thesaurus.txt,1
viewoptions,folds,9
viewoptions,cursor,8
viewoptions,slash,5
viewoptions,unix,5
viewoptions,curdir,3
viewoptions,options,1
virtualedit,block,27
virtualedit,onemore,12
virtualedit,all,2
whichwrap,[,42
whichwrap,],42
whichwrap,h,41
whichwrap,l,41
whichwrap,<,40
whichwrap,>,40
whichwrap,b,37
whichwrap,s,37
whichwrap,~,5
wildignore,*.pyc,25
wildignore,*.o,24
wildignore,*.png,16
wildignore,*.gif,15
wildignore,*.jpg,15
wildignore,*~,15
wildignore,.git,14
wildignore,.svn,11
wildignore,*.obj,11
wildignore,*.swp,11
wildignore,.hg,10
wildignore,*.jpeg,10
wildignore,*.out,10
wildignore,*.class,9
wildignore,*.bmp,8
wildignore,*.DS_Store,8
wildignore,*.exe,8
wildignore,*.aux,7
wildignore,*.dll,7
wildignore,*.zip,7
wildignore,*.so,6
wildignore,*/.git/*,6
wildignore,*/node_modules/*,6
wildignore,.DS_Store,5
wildignore,*.ico,5
wildignore,**/node_modules/**,5
wildignore,__pycache__,4
wildignore,*.bak,4
wildignore,*.gem,4
wildignore,*.toc,4
wildignore,.sass-cache,3
wildignore,*.bbl,3
wildignore,*.blg,3
wildignore,*.dylib,3
wildignore,*.fdb_latexmk,3
wildignore,*.fls,3
wildignore,*.manifest,3
wildignore,*.pdf,3
wildignore,*.spl,3
wildignore,*.svg,3
wildignore,*.synctex.gz,3
wildignore,*.xdv,3
wildignore,**/.git/*,3
wildignore,**/bower_modules/**,3
wildignore,**/tmp/**,3
wildignore,*/__pycache__/*,3
wildignore,._*,2
wildignore,.lock,2
wildignore,*__pycache__*,2
wildignore,*.a,2
wildignore,*.bin,2
wildignore,*.brf,2
wildignore,*.luac,2
wildignore,*.orig,2
wildignore,*.otf,2
wildignore,*.pkl,2
wildignore,*.psd,2
wildignore,*.rar,2
wildignore,*.rbc,2
wildignore,*.sw?,2
wildignore,*.swo,2
wildignore,*.tar.bz2,2
wildignore,*.tar.gz,2
wildignore,*.tiff,2
wildignore,*.tmp,2
wildignore,*.ttf,2
wildignore,*.wav,2
wildignore,**/node_modules/*,2
wildignore,**/vendor/*,2
wildignore,*/.svn/*,2
wildignore,*/build/**,2
wildignore,*/vendor/cache/*,2
wildignore,*pycache*,2
wildignore,migrations,2
wildignore,node_modules/*,2
wildignore,tags,2
wildignore,,1
wildignore, elflord.vim,1
wildignore, pablo.vim,1
wildignore,__pycache__/,1
wildignore,.ammonite,1
wildignore,.bloop,1
wildignore,.git/,1
wildignore,.git/*,1
wildignore,.git$,1
wildignore,.metals,1
wildignore,.stversions,1
wildignore,.svelte-kit/*,1
wildignore,.swp$,1
wildignore,.vim/*,1
wildignore,*__pycache__/*,1
wildignore,*.*~,1
wildignore,*.ai,1
wildignore,*.aiff,1
wildignore,*.avi,1
wildignore,*.bcf,1
wildignore,*.bz2,1
wildignore,*.cache,1
wildignore,*.cm*,1
wildignore,*.data,1
wildignore,*.doc,1
wildignore,*.docx,1
wildignore,*.e,1
wildignore,*.egg,1
wildignore,*.egg-info*,1
wildignore,*.egg-info*.out,1
wildignore,*.eot,1
wildignore,*.git,1
wildignore,*.git*,1
wildignore,*.git/*,1
wildignore,*.glob,1
wildignore,*.gz,1
wildignore,*.jar,1
wildignore,*.JPEG,1
wildignore,*.JPG,1
wildignore,*.log,1
wildignore,*.m4a,1
wildignore,*.marko.js,1
wildignore,*.mcmeta,1
wildignore,*.mdb,1
wildignore,*.meta,1
wildignore,*.meteor*,1
wildignore,*.min.*,1
wildignore,*.mo,1
wildignore,*.mp3,1
wildignore,*.oga,1
wildignore,*.ogg,1
wildignore,*.pdb,1
wildignore,*.PNG,1
wildignore,*.pyo,1
wildignore,*.rbo,1
wildignore,*.retry,1
wildignore,*.run.xml,1
wildignore,*.swn,1
wildignore,*.tags,1
wildignore,*.tar.xz,1
wildignore,*.tar.xz*.swp,1
wildignore,*.un~,1
wildignore,*.v.d,1
wildignore,*.vo*,1
wildignore,*.webm,1
wildignore,*.webp,1
wildignore,*.woff,1
wildignore,*.xlsx,1
wildignore,**/__pycache__/*,1
wildignore,**/.next/**,1
wildignore,**/.nx/**,1
wildignore,**/bower_components/*,1
wildignore,**/code_coverage_html/*,1
wildignore,**/coverage/*,1
wildignore,**/dist/**,1
wildignore,**/target/*,1
wildignore,**/tmp/****/node_modules/**,1
wildignore,*/.bundle/*,1
wildignore,*/.DS_Store,1
wildignore,*/.sass-cache/*__pycache__,1
wildignore,*/**.min.*/,1
wildignore,*/dist*/*,1
wildignore,*/node_modules/**/*,1
wildignore,*/target/*,1
wildignore,*/tmp/*,1
wildignore,*/vendor/gems/*,1
wildignore,*/venv*/*,1
wildignore,*/zig-cache/*,1
wildignore,*/zig-out/*,1
wildignore,*\\tmp\\*,1
wildignore,*bower_components/*,1
wildignore,*cache*,1
wildignore,*DS_Store*,1
wildignore,*DS_STORE*,1
wildignore,*DS_Store**.zip,1
wildignore,*logs*,1
wildignore,*mypy_cache*,1
wildignore,*node_modules*,1
wildignore,*node_modules/*,1
wildignore,*package-lock.json*,1
wildignore,*sass-cache*,1
wildignore,*venv/*,1
wildignore,*vim/backups*,1
wildignore,/min/*.git,1
wildignore,%*,1
wildignore,%**.jpg,1
wildignore,~$,1
wildignore,blue.vim,1
wildignore,bower_components/*,1
wildignore,darkblue.vim,1
wildignore,default.vim,1
wildignore,delek.vim,1
wildignore,desert.vim,1
wildignore,dist,1
wildignore,evening.vim,1
wildignore,gin-bin,1
wildignore,industry.vim,1
wildignore,koehler.vim,1
wildignore,log/**,1
wildignore,morning.vim,1
wildignore,murphy.vim,1
wildignore,npm-debug.log,1
wildignore,package-lock.json,1
wildignore,peachpuff.vim,1
wildignore,ron.vim,1
wildignore,shine.vim,1
wildignore,slate.vim,1
wildignore,tags.lockset,1
wildignore,target,1
wildignore,target/,1
wildignore,tmp,1
wildignore,tmp/**,1
wildignore,torte.vim,1
wildignore,yarn.lock,1
wildignore,zellner.vim,1
wildmode,full,45
wildmode,longest:full,27
wildmode,longest,19
wildmode,list:longest,15
wildmode,list,9
wildmode,list:full,4
wildmode,full:lastused,1
wildmode,lastused,1
wildmode,lastused:full,1
wildmode,longest:list,1
wildoptions,pum,9
wildoptions,tagfile,1
winhighlight,CursorLine:CursorLine,5
winhighlight,CursorLineFold:CursorLineFold,5
winhighlight,CursorLineNr:CursorLineNr,5
winhighlight,CursorLineSign:CursorLineSign,5
winhighlight,Visual:Visual,5
winhighlight,Folded:NeogitFold,2
winhighlight,CursorLine:NvimTreeCursorLine,1
winhighlight,CursorLineNr:NvimTreeCursorLineNr,1
winhighlight,EndOfBuffer:NvimTreeEndOfBuffer,1
winhighlight,Normal:ActiveWindow,1
winhighlight,Normal:NvimTreeNormal,1
winhighlight,NormalNC:InactiveWindow,1
winhighlight,NormalNC:NvimTreeNormalNC,1
winhighlight,SignColumn:NvimTreeSignColumn,1
winhighlight,SpecialKey:SpecialKeyWin,1
winhighlight,StatusLine:NvimTreeStatusLine,1
winhighlight,StatusLineNC:NvimTreeStatuslineNC,1
winhighlight,WinSeparator:NvimTreeWinSeparator,1
